-- phpMyAdmin SQL Dump
-- version 5.2.0
-- https://www.phpmyadmin.net/
--
-- Host: 127.0.0.1
-- Generation Time: Mar 21, 2023 at 09:01 PM
-- Server version: 10.4.27-MariaDB
-- PHP Version: 8.2.0

SET SQL_MODE = "NO_AUTO_VALUE_ON_ZERO";
START TRANSACTION;
SET time_zone = "+00:00";


/*!40101 SET @OLD_CHARACTER_SET_CLIENT=@@CHARACTER_SET_CLIENT */;
/*!40101 SET @OLD_CHARACTER_SET_RESULTS=@@CHARACTER_SET_RESULTS */;
/*!40101 SET @OLD_COLLATION_CONNECTION=@@COLLATION_CONNECTION */;
/*!40101 SET NAMES utf8mb4 */;

--
-- Database: `quickbus`
--

-- --------------------------------------------------------

--
-- Table structure for table `tbl_order`
--

CREATE TABLE `tbl_order` (
  `id` int(11) NOT NULL,
  `userId` int(11) NOT NULL,
  `routeId` int(11) NOT NULL,
  `passenger` int(11) NOT NULL DEFAULT 1,
  `complete` tinyint(1) NOT NULL DEFAULT 0,
  `deleted` tinyint(1) NOT NULL DEFAULT 0
) ENGINE=InnoDB DEFAULT CHARSET=utf8 COLLATE=utf8_general_ci;

--
-- Dumping data for table `tbl_order`
--

INSERT INTO `tbl_order` (`id`, `userId`, `routeId`, `passenger`, `complete`, `deleted`) VALUES
(10, 4, 205, 3, 1, 1),
(11, 4, 212, 1, 1, 0),
(14, 4, 13, 1, 1, 1),
(16, 4, 251, 2, 1, 1),
(17, 4, 251, 2, 1, 1),
(18, 4, 251, 1, 1, 1),
(19, 4, 3, 2, 1, 1),
(20, 4, 200, 3, 1, 0),
(21, 4, 3, 2, 1, 1),
(22, 4, 2, 3, 1, 1),
(23, 4, 3, 2, 1, 0),
(24, 4, 280, 1, 1, 1),
(25, 4, 205, 3, 1, 1),
(26, 4, 3, 2, 1, 0),
(27, 24, 205, 3, 1, 0),
(28, 205, 0, 1, 0, 0),
(29, 205, 0, 1, 0, 0),
(30, 205, 0, 1, 0, 0),
(31, 24, 205, 1, 1, 0),
(32, 205, 0, 1, 0, 0),
(33, 205, 0, 1, 0, 0),
(34, 205, 24, 1, 0, 0),
(35, 205, 24, 1, 0, 0),
(36, 212, 24, 1, 0, 0),
(37, 200, 24, 1, 0, 0),
(38, 200, 24, 1, 0, 0),
(39, 200, 24, 1, 0, 0),
(40, 24, 200, 1, 1, 0),
(41, 24, 251, 1, 1, 0),
(42, 24, 19, 1, 1, 0),
(43, 24, 19, 1, 1, 1),
(44, 24, 205, 6, 1, 1),
(45, 24, 391, 3, 1, 0),
(46, 30, 391, 1, 0, 1),
(47, 30, 59, 1, 0, 1),
(48, 30, 397, 1, 0, 1),
(49, 30, 397, 1, 0, 1),
(50, 30, 391, 1, 0, 1),
(51, 30, 59, 1, 0, 1),
(52, 30, 451, 1, 0, 1),
(53, 30, 391, 5, 0, 0),
(54, 24, 109, 2, 1, 1),
(55, 24, 36, 2, 1, 0),
(56, 36, 58, 1, 1, 0),
(57, 36, 58, 3, 0, 1),
(58, 36, 58, 2, 0, 0),
(59, 36, 307, 2, 0, 0),
(60, 37, 307, 1, 0, 0),
(61, 37, 472, 1, 0, 0),
(62, 38, 307, 2, 1, 0),
(63, 38, 442, 1, 1, 1),
(64, 4, 59, 1, 0, 0);

-- --------------------------------------------------------

--
-- Table structure for table `tbl_route`
--

CREATE TABLE `tbl_route` (
  `id` int(11) NOT NULL,
  `start` varchar(30) NOT NULL,
  `dest` varchar(30) NOT NULL,
  `departTime` datetime NOT NULL,
  `arriveTime` datetime NOT NULL,
  `price` float NOT NULL
) ENGINE=InnoDB DEFAULT CHARSET=utf8 COLLATE=utf8_general_ci;

--
-- Dumping data for table `tbl_route`
--

INSERT INTO `tbl_route` (`id`, `start`, `dest`, `departTime`, `arriveTime`, `price`) VALUES
(1, 'Arlington', 'Corpus Christi', '2023-04-06 20:53:00', '2023-04-07 00:00:00', 23),
(2, 'Plano', 'Houston', '2023-03-25 02:59:00', '2023-03-25 07:10:00', 21),
(3, 'Houston', 'San Antonio', '2023-03-29 04:30:00', '2023-03-29 07:04:00', 38),
(4, 'San Antonio', 'Houston', '2023-01-14 06:18:00', '2023-01-14 09:34:00', 22),
(5, 'El Paso', 'Houston', '2023-01-23 04:52:00', '2023-01-23 08:31:00', 42),
(6, 'Laredo', 'Dallas', '2023-02-19 00:20:00', '2023-02-19 03:48:00', 11),
(7, 'Fort Worth', 'Laredo', '2023-02-18 20:40:00', '2023-02-18 22:04:00', 49),
(8, 'Corpus Christi', 'Dallas', '2023-02-16 19:24:00', '2023-02-16 22:58:00', 10),
(9, 'Fort Worth', 'Laredo', '2023-02-19 13:59:00', '2023-02-19 18:36:00', 11),
(10, 'Fort Worth', 'Laredo', '2023-02-26 11:58:00', '2023-02-26 15:24:00', 19),
(11, 'Dallas', 'El Paso', '2022-12-13 16:02:00', '2022-12-13 18:20:00', 40),
(12, 'Fort Worth', 'San Antonio', '2023-01-05 11:10:00', '2023-01-05 15:20:00', 44),
(13, 'El Paso', 'San Antonio', '2022-12-28 08:34:00', '2022-12-28 13:33:00', 28),
(14, 'Corpus Christi', 'Fort Worth', '2023-04-01 20:17:00', '2023-04-01 23:39:00', 12),
(15, 'Corpus Christi', 'Fort Worth', '2023-04-12 13:37:00', '2023-04-12 18:33:00', 29),
(16, 'El Paso', 'Fort Worth', '2023-01-15 12:31:00', '2023-01-15 14:03:00', 26),
(17, 'Arlington', 'Houston', '2022-12-15 19:27:00', '2022-12-15 23:20:00', 24),
(18, 'Plano', 'El Paso', '2022-12-04 21:03:00', '2022-12-04 22:50:00', 33),
(19, 'Corpus Christi', 'Dallas', '2023-04-10 05:29:00', '2023-04-10 09:46:00', 45),
(20, 'Arlington', 'Fort Worth', '2023-01-18 18:58:00', '2023-01-18 22:03:00', 27),
(21, 'Houston', 'San Antonio', '2023-02-14 08:39:00', '2023-02-14 10:11:00', 19),
(22, 'El Paso', 'Plano', '2023-03-02 02:54:00', '2023-03-02 04:21:00', 41),
(23, 'Laredo', 'Austin', '2022-12-12 08:32:00', '2022-12-12 10:09:00', 20),
(24, 'Houston', 'Fort Worth', '2023-04-05 08:35:00', '2023-04-05 11:19:00', 22),
(25, 'Plano', 'Dallas', '2023-04-13 07:56:00', '2023-04-13 11:45:00', 46),
(26, 'Arlington', 'Fort Worth', '2022-12-23 20:21:00', '2022-12-23 22:15:00', 34),
(27, 'El Paso', 'Plano', '2023-03-03 15:38:00', '2023-03-03 16:39:00', 40),
(28, 'Plano', 'Houston', '2023-02-06 15:08:00', '2023-02-06 17:32:00', 25),
(29, 'Fort Worth', 'Houston', '2023-04-17 00:56:00', '2023-04-17 04:54:00', 39),
(30, 'Corpus Christi', 'Arlington', '2023-04-17 08:02:00', '2023-04-17 11:41:00', 47),
(31, 'Corpus Christi', 'Plano', '2023-01-03 08:06:00', '2023-01-03 09:26:00', 30),
(32, 'Plano', 'Corpus Christi', '2023-01-02 20:46:00', '2023-01-02 23:31:00', 45),
(33, 'Corpus Christi', 'Laredo', '2023-03-11 07:02:00', '2023-03-11 11:46:00', 36),
(34, 'San Antonio', 'Corpus Christi', '2023-02-10 17:02:00', '2023-02-10 19:25:00', 17),
(35, 'San Antonio', 'Austin', '2023-02-22 18:29:00', '2023-02-22 23:15:00', 48),
(36, 'Houston', 'Dallas', '2022-12-09 00:06:00', '2022-12-09 03:46:00', 34),
(37, 'Plano', 'El Paso', '2023-04-06 15:22:00', '2023-04-06 18:22:00', 12),
(38, 'Laredo', 'El Paso', '2022-12-12 11:50:00', '2022-12-12 14:51:00', 41),
(39, 'Arlington', 'San Antonio', '2023-02-12 03:02:00', '2023-02-12 04:09:00', 20),
(40, 'Corpus Christi', 'Plano', '2023-04-03 17:39:00', '2023-04-03 21:10:00', 11),
(41, 'Fort Worth', 'Dallas', '2023-04-09 01:35:00', '2023-04-09 02:47:00', 43),
(42, 'Fort Worth', 'El Paso', '2023-02-19 10:55:00', '2023-02-19 13:24:00', 17),
(43, 'Dallas', 'Arlington', '2023-01-28 08:27:00', '2023-01-28 12:14:00', 18),
(44, 'Corpus Christi', 'Austin', '2022-12-26 14:02:00', '2022-12-26 16:33:00', 49),
(45, 'Fort Worth', 'Houston', '2022-12-22 07:20:00', '2022-12-22 11:32:00', 31),
(46, 'Dallas', 'Fort Worth', '2023-03-07 13:00:00', '2023-03-07 17:29:00', 12),
(47, 'Dallas', 'San Antonio', '2023-04-18 03:06:00', '2023-04-18 07:55:00', 29),
(48, 'Fort Worth', 'Arlington', '2023-03-25 01:36:00', '2023-03-25 03:14:00', 21),
(49, 'Laredo', 'Corpus Christi', '2022-12-20 18:54:00', '2022-12-20 23:35:00', 24),
(50, 'Fort Worth', 'Laredo', '2023-01-17 19:23:00', '2023-01-17 20:56:00', 49),
(51, 'Laredo', 'Arlington', '2023-02-12 01:59:00', '2023-02-12 06:41:00', 35),
(52, 'Arlington', 'Austin', '2023-02-22 16:48:00', '2023-02-22 18:40:00', 13),
(53, 'Arlington', 'Corpus Christi', '2022-12-12 18:02:00', '2022-12-12 20:16:00', 13),
(54, 'San Antonio', 'El Paso', '2022-12-29 18:52:00', '2022-12-29 23:27:00', 27),
(55, 'El Paso', 'Austin', '2023-01-02 18:44:00', '2023-01-02 21:55:00', 13),
(56, 'Arlington', 'Dallas', '2022-12-24 03:07:00', '2022-12-24 04:17:00', 12),
(57, 'Plano', 'San Antonio', '2022-12-01 14:43:00', '2022-12-01 18:02:00', 36),
(58, 'Dallas', 'Austin', '2022-12-04 12:26:00', '2022-12-04 16:29:00', 11),
(59, 'Houston', 'Austin', '2023-01-15 23:47:00', '2023-01-16 01:05:00', 38),
(60, 'El Paso', 'Arlington', '2023-02-12 05:41:00', '2023-02-12 07:03:00', 38),
(61, 'Laredo', 'Houston', '2022-12-07 00:16:00', '2022-12-07 02:12:00', 14),
(62, 'Fort Worth', 'Plano', '2022-12-19 12:16:00', '2022-12-19 16:51:00', 49),
(63, 'Fort Worth', 'El Paso', '2022-12-30 02:49:00', '2022-12-30 06:57:00', 27),
(64, 'El Paso', 'Austin', '2022-12-16 16:15:00', '2022-12-16 18:09:00', 31),
(65, 'Fort Worth', 'Austin', '2023-03-12 23:59:00', '2023-03-13 04:07:00', 29),
(66, 'Dallas', 'Laredo', '2023-03-15 18:51:00', '2023-03-15 20:46:00', 10),
(67, 'Corpus Christi', 'Laredo', '2023-01-10 14:57:00', '2023-01-10 19:07:00', 36),
(68, 'Fort Worth', 'Houston', '2022-12-30 07:34:00', '2022-12-30 09:40:00', 41),
(69, 'Dallas', 'San Antonio', '2023-03-09 00:01:00', '2023-03-09 01:02:00', 16),
(70, 'Corpus Christi', 'Dallas', '2023-04-08 15:53:00', '2023-04-08 17:41:00', 46),
(71, 'Plano', 'Fort Worth', '2023-02-20 20:27:00', '2023-02-21 01:22:00', 37),
(72, 'Arlington', 'Dallas', '2022-12-15 19:49:00', '2022-12-15 22:02:00', 45),
(73, 'San Antonio', 'Houston', '2023-04-01 19:58:00', '2023-04-01 23:17:00', 17),
(74, 'Austin', 'Houston', '2023-01-01 20:04:00', '2023-01-02 01:01:00', 11),
(75, 'Fort Worth', 'San Antonio', '2023-02-18 03:27:00', '2023-02-18 05:13:00', 21),
(76, 'Corpus Christi', 'Plano', '2023-04-03 04:59:00', '2023-04-03 09:59:00', 49),
(77, 'Dallas', 'San Antonio', '2022-12-17 07:33:00', '2022-12-17 10:15:00', 15),
(78, 'Dallas', 'Houston', '2023-01-30 10:39:00', '2023-01-30 12:07:00', 49),
(79, 'Arlington', 'Austin', '2023-03-16 03:50:00', '2023-03-16 06:05:00', 39),
(80, 'Austin', 'Corpus Christi', '2023-02-01 19:08:00', '2023-02-01 21:01:00', 14),
(81, 'San Antonio', 'Fort Worth', '2023-03-15 21:35:00', '2023-03-15 23:13:00', 28),
(82, 'Houston', 'Arlington', '2023-01-30 14:57:00', '2023-01-30 16:28:00', 13),
(83, 'San Antonio', 'Arlington', '2023-02-13 13:26:00', '2023-02-13 15:09:00', 43),
(84, 'El Paso', 'Dallas', '2023-03-19 00:15:00', '2023-03-19 03:17:00', 10),
(85, 'Plano', 'Corpus Christi', '2023-01-06 00:05:00', '2023-01-06 01:06:00', 17),
(86, 'San Antonio', 'Dallas', '2023-04-08 02:45:00', '2023-04-08 05:42:00', 40),
(87, 'Laredo', 'Arlington', '2023-01-24 19:30:00', '2023-01-24 22:15:00', 48),
(88, 'Arlington', 'Austin', '2023-03-01 00:41:00', '2023-03-01 04:34:00', 21),
(89, 'El Paso', 'Corpus Christi', '2023-01-21 04:33:00', '2023-01-21 06:43:00', 28),
(90, 'San Antonio', 'Fort Worth', '2023-04-06 18:55:00', '2023-04-06 21:07:00', 14),
(91, 'Plano', 'Corpus Christi', '2023-01-06 08:29:00', '2023-01-06 11:59:00', 13),
(92, 'Arlington', 'Laredo', '2023-03-27 03:09:00', '2023-03-27 05:01:00', 22),
(93, 'San Antonio', 'El Paso', '2023-02-21 20:55:00', '2023-02-21 22:44:00', 18),
(94, 'Austin', 'Laredo', '2023-04-09 11:08:00', '2023-04-09 13:39:00', 38),
(95, 'Corpus Christi', 'El Paso', '2023-01-24 16:55:00', '2023-01-24 19:03:00', 27),
(96, 'Laredo', 'Fort Worth', '2023-02-21 15:09:00', '2023-02-21 17:17:00', 29),
(97, 'Corpus Christi', 'Houston', '2022-12-23 14:41:00', '2022-12-23 17:55:00', 35),
(98, 'Arlington', 'El Paso', '2023-03-01 11:26:00', '2023-03-01 16:14:00', 34),
(99, 'San Antonio', 'Laredo', '2023-01-05 02:15:00', '2023-01-05 03:33:00', 26),
(100, 'Dallas', 'Austin', '2023-04-05 03:56:00', '2023-04-05 07:01:00', 25),
(101, 'San Antonio', 'Plano', '2023-02-27 14:50:00', '2023-02-27 17:19:00', 36),
(102, 'Austin', 'Corpus Christi', '2023-03-29 20:01:00', '2023-03-29 22:14:00', 47),
(103, 'San Antonio', 'Plano', '2023-03-20 18:55:00', '2023-03-20 21:30:00', 27),
(104, 'Houston', 'Plano', '2023-03-26 04:59:00', '2023-03-26 06:16:00', 31),
(105, 'Dallas', 'Fort Worth', '2023-02-06 20:37:00', '2023-02-06 22:19:00', 17),
(106, 'Fort Worth', 'El Paso', '2023-01-25 00:43:00', '2023-01-25 04:21:00', 26),
(107, 'Plano', 'Laredo', '2023-01-15 08:23:00', '2023-01-15 12:27:00', 39),
(108, 'Arlington', 'San Antonio', '2023-04-05 02:27:00', '2023-04-05 06:54:00', 47),
(109, 'Houston', 'Austin', '2023-02-09 02:21:00', '2023-02-09 03:22:00', 32),
(110, 'Dallas', 'Plano', '2022-12-22 08:28:00', '2022-12-22 11:12:00', 23),
(111, 'Dallas', 'San Antonio', '2023-03-29 05:25:00', '2023-03-29 07:03:00', 47),
(112, 'San Antonio', 'Houston', '2023-02-10 22:02:00', '2023-02-11 00:59:00', 33),
(113, 'Austin', 'Laredo', '2023-03-02 16:26:00', '2023-03-02 21:18:00', 30),
(114, 'El Paso', 'Dallas', '2023-02-05 20:45:00', '2023-02-05 23:14:00', 39),
(115, 'Dallas', 'Plano', '2023-03-02 10:45:00', '2023-03-02 15:34:00', 38),
(116, 'Arlington', 'Laredo', '2023-03-28 07:13:00', '2023-03-28 10:49:00', 26),
(117, 'Fort Worth', 'San Antonio', '2023-01-19 02:18:00', '2023-01-19 04:54:00', 22),
(118, 'Corpus Christi', 'Fort Worth', '2023-03-27 06:20:00', '2023-03-27 07:32:00', 43),
(119, 'Houston', 'Arlington', '2023-02-07 11:21:00', '2023-02-07 12:34:00', 27),
(120, 'Arlington', 'Houston', '2023-01-11 01:20:00', '2023-01-11 02:46:00', 21),
(121, 'El Paso', 'Houston', '2023-02-02 14:19:00', '2023-02-02 16:50:00', 16),
(122, 'Fort Worth', 'Arlington', '2022-12-16 23:17:00', '2022-12-17 02:36:00', 31),
(123, 'Dallas', 'Plano', '2023-01-18 13:32:00', '2023-01-18 17:32:00', 19),
(124, 'Houston', 'Corpus Christi', '2023-02-25 00:12:00', '2023-02-25 01:14:00', 40),
(125, 'Laredo', 'Austin', '2022-12-12 16:42:00', '2022-12-12 20:54:00', 21),
(126, 'Corpus Christi', 'Dallas', '2023-03-11 11:57:00', '2023-03-11 16:52:00', 40),
(127, 'Arlington', 'Plano', '2023-01-21 06:28:00', '2023-01-21 09:24:00', 21),
(128, 'Austin', 'Houston', '2022-12-01 15:22:00', '2022-12-01 18:19:00', 47),
(129, 'Arlington', 'Austin', '2023-03-05 11:43:00', '2023-03-05 16:41:00', 29),
(130, 'Austin', 'Fort Worth', '2023-04-15 11:15:00', '2023-04-15 14:14:00', 34),
(131, 'San Antonio', 'Laredo', '2023-02-01 03:24:00', '2023-02-01 06:23:00', 20),
(132, 'Laredo', 'Houston', '2023-02-02 21:17:00', '2023-02-03 02:15:00', 12),
(133, 'Laredo', 'Arlington', '2023-02-13 01:33:00', '2023-02-13 04:29:00', 33),
(134, 'Dallas', 'Corpus Christi', '2023-03-01 08:49:00', '2023-03-01 11:32:00', 15),
(135, 'Corpus Christi', 'Fort Worth', '2023-04-15 16:10:00', '2023-04-15 19:58:00', 29),
(136, 'El Paso', 'San Antonio', '2023-01-19 17:34:00', '2023-01-19 19:27:00', 18),
(137, 'Laredo', 'Austin', '2023-03-07 03:40:00', '2023-03-07 08:38:00', 28),
(138, 'San Antonio', 'Arlington', '2023-02-02 08:22:00', '2023-02-02 10:35:00', 28),
(139, 'Laredo', 'Dallas', '2023-01-21 06:20:00', '2023-01-21 09:31:00', 16),
(140, 'Corpus Christi', 'San Antonio', '2023-03-02 01:50:00', '2023-03-02 06:06:00', 40),
(141, 'Plano', 'Laredo', '2022-12-04 15:07:00', '2022-12-04 17:55:00', 26),
(142, 'Laredo', 'El Paso', '2023-03-28 22:20:00', '2023-03-29 02:30:00', 34),
(143, 'El Paso', 'Laredo', '2022-12-18 04:44:00', '2022-12-18 08:12:00', 38),
(144, 'Dallas', 'Houston', '2023-03-07 04:08:00', '2023-03-07 07:55:00', 17),
(145, 'Laredo', 'Plano', '2023-02-05 07:34:00', '2023-02-05 11:07:00', 46),
(146, 'San Antonio', 'Houston', '2023-03-05 23:27:00', '2023-03-06 00:52:00', 23),
(147, 'El Paso', 'Laredo', '2023-04-02 08:03:00', '2023-04-02 11:29:00', 35),
(148, 'El Paso', 'Arlington', '2023-03-12 07:08:00', '2023-03-12 11:02:00', 37),
(149, 'Dallas', 'Austin', '2023-03-24 11:41:00', '2023-03-24 15:51:00', 13),
(150, 'Laredo', 'Arlington', '2022-12-27 13:54:00', '2022-12-27 18:05:00', 13),
(151, 'Plano', 'Houston', '2023-02-02 03:26:00', '2023-02-02 06:49:00', 20),
(152, 'Laredo', 'Houston', '2023-01-30 17:45:00', '2023-01-30 21:10:00', 48),
(153, 'El Paso', 'Corpus Christi', '2022-12-25 15:03:00', '2022-12-25 16:55:00', 34),
(154, 'El Paso', 'Houston', '2023-01-25 01:20:00', '2023-01-25 03:28:00', 46),
(155, 'Austin', 'Laredo', '2023-02-22 18:52:00', '2023-02-22 22:54:00', 20),
(156, 'El Paso', 'Plano', '2023-03-23 11:02:00', '2023-03-23 15:51:00', 25),
(157, 'El Paso', 'Fort Worth', '2023-03-31 07:46:00', '2023-03-31 10:42:00', 43),
(158, 'Arlington', 'Corpus Christi', '2023-02-17 09:10:00', '2023-02-17 12:23:00', 38),
(159, 'Plano', 'Dallas', '2023-01-25 13:29:00', '2023-01-25 15:46:00', 25),
(160, 'Arlington', 'Corpus Christi', '2023-02-08 19:12:00', '2023-02-09 00:01:00', 17),
(161, 'Austin', 'Fort Worth', '2023-04-15 07:16:00', '2023-04-15 11:26:00', 33),
(162, 'Laredo', 'Houston', '2023-01-30 12:15:00', '2023-01-30 13:40:00', 49),
(163, 'Arlington', 'Dallas', '2023-02-12 10:48:00', '2023-02-12 12:23:00', 39),
(164, 'San Antonio', 'El Paso', '2022-12-15 05:29:00', '2022-12-15 08:08:00', 49),
(165, 'El Paso', 'Houston', '2023-01-12 01:21:00', '2023-01-12 04:50:00', 28),
(166, 'Fort Worth', 'Corpus Christi', '2023-02-17 10:14:00', '2023-02-17 14:41:00', 29),
(167, 'Plano', 'El Paso', '2022-12-22 11:11:00', '2022-12-22 14:02:00', 19),
(168, 'Corpus Christi', 'Plano', '2023-01-07 23:14:00', '2023-01-08 03:05:00', 38),
(169, 'Corpus Christi', 'Fort Worth', '2023-01-04 07:53:00', '2023-01-04 09:38:00', 41),
(170, 'Dallas', 'Arlington', '2023-02-27 04:11:00', '2023-02-27 08:23:00', 19),
(171, 'Dallas', 'Fort Worth', '2023-03-13 02:30:00', '2023-03-13 05:16:00', 18),
(172, 'Plano', 'Arlington', '2023-03-12 21:50:00', '2023-03-13 02:03:00', 37),
(173, 'San Antonio', 'Laredo', '2022-12-18 23:20:00', '2022-12-19 03:06:00', 42),
(174, 'Arlington', 'Houston', '2023-04-11 21:39:00', '2023-04-11 22:52:00', 39),
(175, 'Plano', 'Laredo', '2023-01-06 15:30:00', '2023-01-06 17:18:00', 28),
(176, 'El Paso', 'Dallas', '2023-02-18 20:56:00', '2023-02-19 01:16:00', 17),
(177, 'Dallas', 'El Paso', '2023-04-02 09:34:00', '2023-04-02 12:51:00', 45),
(178, 'Plano', 'Fort Worth', '2023-03-07 09:22:00', '2023-03-07 11:46:00', 16),
(179, 'Corpus Christi', 'Fort Worth', '2023-03-03 01:52:00', '2023-03-03 02:59:00', 14),
(180, 'El Paso', 'Austin', '2022-12-25 23:54:00', '2022-12-26 01:20:00', 43),
(181, 'Arlington', 'El Paso', '2022-12-05 03:57:00', '2022-12-05 06:44:00', 27),
(182, 'Houston', 'Laredo', '2023-03-09 08:24:00', '2023-03-09 13:01:00', 34),
(183, 'Laredo', 'Houston', '2023-02-02 10:36:00', '2023-02-02 12:21:00', 11),
(184, 'Dallas', 'Corpus Christi', '2023-01-14 02:57:00', '2023-01-14 04:52:00', 27),
(185, 'Dallas', 'Corpus Christi', '2023-04-14 03:53:00', '2023-04-14 07:13:00', 37),
(186, 'El Paso', 'Arlington', '2023-02-21 10:06:00', '2023-02-21 11:58:00', 11),
(187, 'Fort Worth', 'Laredo', '2023-01-12 03:40:00', '2023-01-12 06:03:00', 42),
(188, 'San Antonio', 'Dallas', '2022-12-05 15:31:00', '2022-12-05 16:49:00', 21),
(189, 'Austin', 'Corpus Christi', '2023-04-03 20:31:00', '2023-04-03 22:53:00', 15),
(190, 'Houston', 'Arlington', '2022-12-23 13:01:00', '2022-12-23 15:57:00', 45),
(191, 'Laredo', 'Dallas', '2023-01-30 19:12:00', '2023-01-30 21:45:00', 23),
(192, 'Austin', 'Plano', '2022-12-01 15:40:00', '2022-12-01 18:38:00', 32),
(193, 'Corpus Christi', 'Austin', '2022-12-22 06:48:00', '2022-12-22 09:00:00', 43),
(194, 'Corpus Christi', 'Houston', '2022-12-26 01:05:00', '2022-12-26 02:10:00', 38),
(195, 'Houston', 'Plano', '2023-01-31 01:46:00', '2023-01-31 03:37:00', 31),
(196, 'Austin', 'Houston', '2022-12-31 15:41:00', '2022-12-31 20:39:00', 49),
(197, 'Dallas', 'Austin', '2022-12-12 16:25:00', '2022-12-12 18:44:00', 21),
(198, 'Laredo', 'San Antonio', '2023-04-15 21:21:00', '2023-04-16 00:59:00', 32),
(199, 'Plano', 'Fort Worth', '2023-03-19 02:24:00', '2023-03-19 04:39:00', 31),
(200, 'Fort Worth', 'Austin', '2023-03-10 00:00:00', '2023-03-10 03:23:00', 26),
(201, 'Plano', 'Dallas', '2023-01-31 23:35:00', '2023-02-01 00:42:00', 32),
(202, 'Fort Worth', 'Corpus Christi', '2023-01-16 16:41:00', '2023-01-16 19:07:00', 25),
(203, 'Laredo', 'Arlington', '2022-12-24 15:24:00', '2022-12-24 19:14:00', 11),
(204, 'Arlington', 'Laredo', '2022-12-22 04:17:00', '2022-12-22 07:08:00', 40),
(205, 'Austin', 'El Paso', '2023-02-10 11:30:00', '2023-02-10 13:14:00', 10),
(206, 'Laredo', 'El Paso', '2022-12-25 03:06:00', '2022-12-25 06:12:00', 19),
(207, 'Arlington', 'El Paso', '2023-04-05 09:32:00', '2023-04-05 10:52:00', 41),
(208, 'Dallas', 'Plano', '2023-02-23 15:58:00', '2023-02-23 20:18:00', 27),
(209, 'Houston', 'Austin', '2023-04-12 22:28:00', '2023-04-13 03:09:00', 34),
(210, 'San Antonio', 'Plano', '2023-04-08 03:03:00', '2023-04-08 04:28:00', 10),
(211, 'Austin', 'El Paso', '2023-04-04 04:42:00', '2023-04-04 08:45:00', 39),
(212, 'Dallas', 'Houston', '2023-04-17 12:34:00', '2023-04-17 15:33:00', 44),
(213, 'Austin', 'Houston', '2022-12-28 07:18:00', '2022-12-28 09:03:00', 45),
(214, 'Plano', 'El Paso', '2023-01-01 11:17:00', '2023-01-01 14:06:00', 29),
(215, 'Corpus Christi', 'San Antonio', '2023-03-21 07:09:00', '2023-03-21 10:59:00', 25),
(216, 'Laredo', 'El Paso', '2022-12-06 08:33:00', '2022-12-06 10:15:00', 34),
(217, 'Laredo', 'Corpus Christi', '2023-04-05 04:36:00', '2023-04-05 08:36:00', 23),
(218, 'Laredo', 'Corpus Christi', '2022-12-08 00:23:00', '2022-12-08 02:18:00', 46),
(219, 'Austin', 'Houston', '2023-01-13 15:49:00', '2023-01-13 20:23:00', 23),
(220, 'Corpus Christi', 'Plano', '2023-03-12 06:21:00', '2023-03-12 10:26:00', 19),
(221, 'Laredo', 'Houston', '2023-02-25 04:32:00', '2023-02-25 06:14:00', 42),
(222, 'San Antonio', 'Fort Worth', '2023-03-21 07:34:00', '2023-03-21 10:51:00', 32),
(223, 'Fort Worth', 'Corpus Christi', '2022-12-24 11:08:00', '2022-12-24 13:27:00', 36),
(224, 'Corpus Christi', 'Laredo', '2023-02-23 20:04:00', '2023-02-24 00:48:00', 12),
(225, 'Fort Worth', 'Houston', '2023-03-25 18:57:00', '2023-03-25 22:39:00', 11),
(226, 'Corpus Christi', 'Arlington', '2022-12-02 03:58:00', '2022-12-02 07:18:00', 12),
(227, 'Fort Worth', 'Austin', '2023-04-09 13:23:00', '2023-04-09 17:54:00', 31),
(228, 'Plano', 'Corpus Christi', '2023-01-08 05:29:00', '2023-01-08 09:05:00', 11),
(229, 'Austin', 'El Paso', '2023-03-29 07:28:00', '2023-03-29 10:53:00', 31),
(230, 'San Antonio', 'Dallas', '2023-04-03 03:56:00', '2023-04-03 05:16:00', 32),
(231, 'Corpus Christi', 'San Antonio', '2022-12-24 00:17:00', '2022-12-24 03:41:00', 27),
(232, 'Arlington', 'Laredo', '2022-12-01 03:58:00', '2022-12-01 07:59:00', 10),
(233, 'San Antonio', 'Fort Worth', '2023-04-17 05:13:00', '2023-04-17 10:05:00', 32),
(234, 'Plano', 'Fort Worth', '2023-03-18 16:21:00', '2023-03-18 19:40:00', 31),
(235, 'Austin', 'Laredo', '2023-04-05 14:37:00', '2023-04-05 19:36:00', 34),
(236, 'Austin', 'San Antonio', '2023-01-26 05:21:00', '2023-01-26 07:18:00', 36),
(237, 'San Antonio', 'El Paso', '2023-02-21 08:40:00', '2023-02-21 10:27:00', 17),
(238, 'Dallas', 'Fort Worth', '2023-02-23 16:24:00', '2023-02-23 18:29:00', 38),
(239, 'Corpus Christi', 'Fort Worth', '2022-12-14 22:51:00', '2022-12-15 02:53:00', 16),
(240, 'Fort Worth', 'Plano', '2022-12-10 14:44:00', '2022-12-10 19:41:00', 36),
(241, 'Houston', 'Austin', '2023-02-23 04:37:00', '2023-02-23 08:18:00', 48),
(242, 'Laredo', 'Plano', '2023-01-13 17:49:00', '2023-01-13 20:20:00', 14),
(243, 'Arlington', 'El Paso', '2023-04-08 08:48:00', '2023-04-08 13:20:00', 11),
(244, 'Fort Worth', 'San Antonio', '2023-02-08 21:56:00', '2023-02-09 00:02:00', 49),
(245, 'Austin', 'Laredo', '2023-03-21 11:35:00', '2023-03-21 15:29:00', 10),
(246, 'Arlington', 'Dallas', '2022-12-11 10:26:00', '2022-12-11 14:39:00', 40),
(247, 'Arlington', 'Plano', '2023-01-16 17:22:00', '2023-01-16 21:44:00', 15),
(248, 'Corpus Christi', 'Houston', '2023-01-11 23:24:00', '2023-01-12 03:34:00', 20),
(249, 'Fort Worth', 'Austin', '2023-01-27 07:43:00', '2023-01-27 10:26:00', 11),
(250, 'Laredo', 'Plano', '2022-12-12 05:49:00', '2022-12-12 09:55:00', 49),
(251, 'Arlington', 'Dallas', '2023-01-16 08:20:00', '2023-01-16 11:43:00', 47),
(252, 'Arlington', 'Austin', '2023-04-05 10:19:00', '2023-04-05 13:56:00', 27),
(253, 'El Paso', 'Dallas', '2023-03-12 16:07:00', '2023-03-12 19:01:00', 45),
(254, 'Dallas', 'El Paso', '2023-04-10 01:54:00', '2023-04-10 04:33:00', 13),
(255, 'Arlington', 'Laredo', '2023-04-11 16:52:00', '2023-04-11 20:28:00', 41),
(256, 'San Antonio', 'Austin', '2023-01-24 09:20:00', '2023-01-24 14:20:00', 43),
(257, 'Corpus Christi', 'Laredo', '2023-03-28 08:28:00', '2023-03-28 09:39:00', 19),
(258, 'Arlington', 'Fort Worth', '2023-01-25 01:39:00', '2023-01-25 03:36:00', 34),
(259, 'Plano', 'Fort Worth', '2023-02-16 10:32:00', '2023-02-16 11:43:00', 31),
(260, 'Laredo', 'San Antonio', '2022-12-18 15:56:00', '2022-12-18 19:00:00', 11),
(261, 'Plano', 'Laredo', '2023-02-02 20:02:00', '2023-02-02 22:48:00', 23),
(262, 'Austin', 'Arlington', '2023-01-17 20:40:00', '2023-01-18 00:18:00', 38),
(263, 'Fort Worth', 'Dallas', '2023-04-14 15:36:00', '2023-04-14 20:30:00', 10),
(264, 'San Antonio', 'El Paso', '2023-02-25 01:47:00', '2023-02-25 06:20:00', 22),
(265, 'Arlington', 'Fort Worth', '2022-12-06 16:25:00', '2022-12-06 19:30:00', 49),
(266, 'Plano', 'Houston', '2023-03-27 12:19:00', '2023-03-27 17:05:00', 12),
(267, 'Corpus Christi', 'El Paso', '2023-01-29 02:02:00', '2023-01-29 03:38:00', 31),
(268, 'Fort Worth', 'Arlington', '2023-04-13 23:08:00', '2023-04-14 03:49:00', 42),
(269, 'San Antonio', 'Austin', '2023-01-22 16:53:00', '2023-01-22 18:31:00', 41),
(270, 'Corpus Christi', 'Fort Worth', '2022-12-05 01:01:00', '2022-12-05 02:06:00', 40),
(271, 'Corpus Christi', 'Dallas', '2023-01-04 02:31:00', '2023-01-04 06:03:00', 26),
(272, 'Dallas', 'San Antonio', '2023-03-31 15:50:00', '2023-03-31 17:16:00', 47),
(273, 'San Antonio', 'Arlington', '2022-12-13 15:31:00', '2022-12-13 19:05:00', 26),
(274, 'Dallas', 'Plano', '2023-03-30 20:25:00', '2023-03-31 00:56:00', 38),
(275, 'Laredo', 'Corpus Christi', '2023-02-23 10:42:00', '2023-02-23 13:37:00', 47),
(276, 'Plano', 'Fort Worth', '2023-03-01 06:00:00', '2023-03-01 10:00:00', 47),
(277, 'San Antonio', 'Corpus Christi', '2023-02-26 19:01:00', '2023-02-26 21:17:00', 46),
(278, 'Arlington', 'Fort Worth', '2022-12-25 16:42:00', '2022-12-25 19:01:00', 36),
(279, 'Corpus Christi', 'Plano', '2023-03-20 12:16:00', '2023-03-20 16:05:00', 30),
(280, 'San Antonio', 'Austin', '2022-12-07 08:04:00', '2022-12-07 11:09:00', 22),
(281, 'Austin', 'Laredo', '2023-03-19 13:17:00', '2023-03-19 16:18:00', 48),
(282, 'Fort Worth', 'Austin', '2023-01-23 22:29:00', '2023-01-24 03:19:00', 46),
(283, 'Austin', 'Dallas', '2023-04-04 05:15:00', '2023-04-04 07:21:00', 43),
(284, 'Fort Worth', 'Laredo', '2023-01-13 15:06:00', '2023-01-13 18:06:00', 37),
(285, 'Houston', 'El Paso', '2023-01-11 21:28:00', '2023-01-12 01:08:00', 40),
(286, 'Laredo', 'Austin', '2022-12-03 12:30:00', '2022-12-03 16:52:00', 49),
(287, 'Laredo', 'Corpus Christi', '2023-03-21 00:31:00', '2023-03-21 02:19:00', 41),
(288, 'El Paso', 'Austin', '2023-01-03 05:22:00', '2023-01-03 08:18:00', 12),
(289, 'Arlington', 'Laredo', '2023-04-02 19:56:00', '2023-04-03 00:12:00', 32),
(290, 'San Antonio', 'Plano', '2023-04-14 02:45:00', '2023-04-14 06:16:00', 20),
(291, 'Fort Worth', 'Austin', '2023-02-18 19:11:00', '2023-02-18 22:59:00', 39),
(292, 'Houston', 'Corpus Christi', '2023-03-30 01:55:00', '2023-03-30 05:23:00', 48),
(293, 'Dallas', 'Fort Worth', '2023-02-14 04:35:00', '2023-02-14 09:28:00', 21),
(294, 'Corpus Christi', 'San Antonio', '2023-01-03 20:42:00', '2023-01-03 21:46:00', 43),
(295, 'Fort Worth', 'Plano', '2023-03-18 18:44:00', '2023-03-18 20:24:00', 24),
(296, 'Fort Worth', 'Austin', '2023-01-29 04:57:00', '2023-01-29 09:07:00', 49),
(297, 'Arlington', 'Dallas', '2023-01-19 17:12:00', '2023-01-19 20:00:00', 10),
(298, 'Corpus Christi', 'Houston', '2023-01-04 20:28:00', '2023-01-05 00:59:00', 12),
(299, 'Arlington', 'El Paso', '2022-12-11 21:23:00', '2022-12-11 22:33:00', 40),
(300, 'El Paso', 'Arlington', '2023-02-18 03:20:00', '2023-02-18 06:36:00', 43),
(301, 'Fort Worth', 'Laredo', '2022-12-13 13:19:00', '2022-12-13 17:10:00', 38),
(302, 'Austin', 'El Paso', '2023-03-29 09:04:00', '2023-03-29 13:32:00', 30),
(303, 'Houston', 'Arlington', '2022-12-04 06:28:00', '2022-12-04 08:13:00', 19),
(304, 'San Antonio', 'Plano', '2022-12-05 23:45:00', '2022-12-06 02:09:00', 31),
(305, 'Arlington', 'Fort Worth', '2023-01-27 19:55:00', '2023-01-27 21:38:00', 38),
(306, 'Austin', 'El Paso', '2023-04-05 21:21:00', '2023-04-06 01:46:00', 40),
(307, 'Dallas', 'Houston', '2022-12-24 18:48:00', '2022-12-24 22:43:00', 35),
(308, 'Arlington', 'Dallas', '2023-01-14 00:09:00', '2023-01-14 01:28:00', 44),
(309, 'Austin', 'Fort Worth', '2023-03-23 03:16:00', '2023-03-23 05:07:00', 43),
(310, 'Corpus Christi', 'Houston', '2023-01-07 02:01:00', '2023-01-07 06:17:00', 13),
(311, 'Arlington', 'Houston', '2022-12-26 14:52:00', '2022-12-26 17:40:00', 42),
(312, 'El Paso', 'Dallas', '2023-02-28 05:47:00', '2023-02-28 09:58:00', 28),
(313, 'Austin', 'Dallas', '2023-02-01 08:03:00', '2023-02-01 11:34:00', 25),
(314, 'El Paso', 'Corpus Christi', '2023-04-04 19:52:00', '2023-04-04 23:55:00', 22),
(315, 'Plano', 'El Paso', '2023-04-07 21:52:00', '2023-04-08 02:33:00', 11),
(316, 'Fort Worth', 'Houston', '2022-12-13 08:07:00', '2022-12-13 10:22:00', 17),
(317, 'Corpus Christi', 'Houston', '2023-04-01 04:27:00', '2023-04-01 08:40:00', 23),
(318, 'San Antonio', 'Fort Worth', '2022-12-12 18:40:00', '2022-12-12 19:59:00', 49),
(319, 'Arlington', 'Fort Worth', '2023-01-26 23:10:00', '2023-01-27 04:07:00', 32),
(320, 'El Paso', 'Houston', '2023-03-23 20:10:00', '2023-03-23 23:57:00', 41),
(321, 'Fort Worth', 'Laredo', '2023-02-01 06:53:00', '2023-02-01 09:58:00', 23),
(322, 'Austin', 'Plano', '2022-12-03 00:40:00', '2022-12-03 03:44:00', 33),
(323, 'Laredo', 'Plano', '2023-03-05 17:13:00', '2023-03-05 18:19:00', 38),
(324, 'El Paso', 'Fort Worth', '2023-03-12 15:44:00', '2023-03-12 19:03:00', 21),
(325, 'Dallas', 'Austin', '2023-03-23 07:56:00', '2023-03-23 12:12:00', 15),
(326, 'Dallas', 'Laredo', '2022-12-18 15:06:00', '2022-12-18 17:29:00', 35),
(327, 'Plano', 'Austin', '2022-12-04 11:38:00', '2022-12-04 13:44:00', 17),
(328, 'Plano', 'El Paso', '2023-01-15 01:23:00', '2023-01-15 03:46:00', 48),
(329, 'Corpus Christi', 'San Antonio', '2023-01-03 14:18:00', '2023-01-03 18:55:00', 43),
(330, 'Fort Worth', 'El Paso', '2023-03-06 22:26:00', '2023-03-07 01:19:00', 37),
(331, 'Austin', 'Laredo', '2023-01-15 08:38:00', '2023-01-15 12:15:00', 46),
(332, 'Arlington', 'Austin', '2022-12-10 20:22:00', '2022-12-11 00:49:00', 16),
(333, 'Arlington', 'Corpus Christi', '2023-03-31 15:25:00', '2023-03-31 17:47:00', 11),
(334, 'El Paso', 'Corpus Christi', '2022-12-28 01:10:00', '2022-12-28 02:37:00', 34),
(335, 'Fort Worth', 'El Paso', '2023-01-31 03:25:00', '2023-01-31 06:38:00', 28),
(336, 'Houston', 'Arlington', '2022-12-31 21:37:00', '2023-01-01 00:18:00', 16),
(337, 'San Antonio', 'Dallas', '2023-03-01 21:40:00', '2023-03-02 00:26:00', 35),
(338, 'San Antonio', 'Houston', '2023-02-04 14:05:00', '2023-02-04 18:54:00', 24),
(339, 'Austin', 'Plano', '2023-04-13 00:45:00', '2023-04-13 03:33:00', 23),
(340, 'Corpus Christi', 'Laredo', '2023-01-09 10:37:00', '2023-01-09 13:07:00', 35),
(341, 'Austin', 'Corpus Christi', '2023-03-25 06:33:00', '2023-03-25 09:42:00', 42),
(342, 'Corpus Christi', 'Arlington', '2022-12-29 16:14:00', '2022-12-29 19:26:00', 18),
(343, 'Austin', 'Fort Worth', '2022-12-25 06:52:00', '2022-12-25 08:25:00', 26),
(344, 'El Paso', 'Austin', '2023-01-05 05:43:00', '2023-01-05 06:51:00', 17),
(345, 'San Antonio', 'Dallas', '2023-03-30 13:12:00', '2023-03-30 17:15:00', 29),
(346, 'Corpus Christi', 'Plano', '2023-03-06 16:13:00', '2023-03-06 20:05:00', 44),
(347, 'Austin', 'Plano', '2023-02-16 16:59:00', '2023-02-16 19:07:00', 14),
(348, 'Laredo', 'San Antonio', '2022-12-15 23:35:00', '2022-12-16 01:41:00', 12),
(349, 'Laredo', 'Fort Worth', '2023-03-05 17:44:00', '2023-03-05 20:49:00', 47),
(350, 'El Paso', 'Dallas', '2023-01-01 20:48:00', '2023-01-02 00:55:00', 31),
(351, 'Laredo', 'Dallas', '2023-02-01 00:51:00', '2023-02-01 03:10:00', 26),
(352, 'Corpus Christi', 'Austin', '2023-02-24 18:28:00', '2023-02-24 20:41:00', 11),
(353, 'Fort Worth', 'Dallas', '2023-02-27 11:17:00', '2023-02-27 14:26:00', 22),
(354, 'Arlington', 'Dallas', '2023-02-03 15:52:00', '2023-02-03 19:58:00', 29),
(355, 'Houston', 'Plano', '2022-12-13 17:48:00', '2022-12-13 19:52:00', 45),
(356, 'San Antonio', 'Houston', '2023-03-15 22:39:00', '2023-03-15 23:41:00', 37),
(357, 'San Antonio', 'Arlington', '2023-03-13 12:12:00', '2023-03-13 14:11:00', 42),
(358, 'Plano', 'Arlington', '2023-04-12 05:24:00', '2023-04-12 07:12:00', 38),
(359, 'Corpus Christi', 'Austin', '2023-03-16 11:26:00', '2023-03-16 13:30:00', 37),
(360, 'San Antonio', 'El Paso', '2023-01-21 13:09:00', '2023-01-21 17:06:00', 18),
(361, 'Houston', 'Austin', '2023-03-20 13:22:00', '2023-03-20 17:52:00', 44),
(362, 'Laredo', 'Houston', '2023-02-08 06:37:00', '2023-02-08 08:16:00', 23),
(363, 'San Antonio', 'Corpus Christi', '2022-12-27 06:03:00', '2022-12-27 07:49:00', 41),
(364, 'Austin', 'Dallas', '2023-01-29 18:38:00', '2023-01-29 21:30:00', 22),
(365, 'Dallas', 'Fort Worth', '2023-01-13 14:10:00', '2023-01-13 18:12:00', 21),
(366, 'El Paso', 'Arlington', '2023-03-20 13:35:00', '2023-03-20 16:10:00', 48),
(367, 'Fort Worth', 'Dallas', '2022-12-23 10:58:00', '2022-12-23 14:46:00', 47),
(368, 'San Antonio', 'Houston', '2023-02-16 21:51:00', '2023-02-17 00:04:00', 41),
(369, 'Dallas', 'Corpus Christi', '2023-01-13 02:38:00', '2023-01-13 05:23:00', 16),
(370, 'Plano', 'Corpus Christi', '2022-12-04 17:17:00', '2022-12-04 19:20:00', 10),
(371, 'Laredo', 'Houston', '2022-12-07 07:37:00', '2022-12-07 08:40:00', 16),
(372, 'Corpus Christi', 'San Antonio', '2023-01-29 22:19:00', '2023-01-30 00:21:00', 41),
(373, 'Arlington', 'Plano', '2023-01-14 08:22:00', '2023-01-14 10:27:00', 11),
(374, 'El Paso', 'Dallas', '2023-02-18 11:18:00', '2023-02-18 14:35:00', 10),
(375, 'Dallas', 'Fort Worth', '2023-01-25 03:35:00', '2023-01-25 04:45:00', 34),
(376, 'Laredo', 'Corpus Christi', '2023-03-28 23:34:00', '2023-03-29 02:31:00', 13),
(377, 'Plano', 'San Antonio', '2022-12-29 13:28:00', '2022-12-29 15:45:00', 30),
(378, 'Laredo', 'San Antonio', '2023-03-12 02:52:00', '2023-03-12 04:27:00', 23),
(379, 'Plano', 'El Paso', '2022-12-10 08:14:00', '2022-12-10 12:18:00', 41),
(380, 'Corpus Christi', 'Dallas', '2022-12-14 22:52:00', '2022-12-15 01:26:00', 39),
(381, 'Fort Worth', 'Plano', '2022-12-02 08:09:00', '2022-12-02 11:45:00', 29),
(382, 'Fort Worth', 'Arlington', '2022-12-24 17:11:00', '2022-12-24 18:32:00', 40),
(383, 'Fort Worth', 'Austin', '2023-03-20 12:23:00', '2023-03-20 15:18:00', 44),
(384, 'Laredo', 'Austin', '2023-02-26 12:09:00', '2023-02-26 13:42:00', 17),
(385, 'San Antonio', 'Laredo', '2023-01-02 17:08:00', '2023-01-02 19:09:00', 28),
(386, 'El Paso', 'Fort Worth', '2023-03-16 00:24:00', '2023-03-16 04:49:00', 21),
(387, 'Dallas', 'San Antonio', '2023-01-07 11:19:00', '2023-01-07 14:22:00', 42),
(388, 'San Antonio', 'El Paso', '2023-01-10 18:26:00', '2023-01-10 19:26:00', 39),
(389, 'Arlington', 'Plano', '2023-03-25 20:39:00', '2023-03-25 23:30:00', 32),
(390, 'Austin', 'Dallas', '2023-04-02 17:39:00', '2023-04-02 19:53:00', 41),
(391, 'Austin', 'Dallas', '2022-12-17 21:12:00', '2022-12-17 22:51:00', 48),
(392, 'Fort Worth', 'Dallas', '2022-12-17 03:09:00', '2022-12-17 07:43:00', 39),
(393, 'Houston', 'Austin', '2023-04-17 14:03:00', '2023-04-17 18:53:00', 41),
(394, 'Laredo', 'Fort Worth', '2023-01-21 19:42:00', '2023-01-21 21:10:00', 30),
(395, 'Fort Worth', 'Arlington', '2023-03-13 05:54:00', '2023-03-13 09:44:00', 44),
(396, 'Fort Worth', 'San Antonio', '2023-01-09 12:57:00', '2023-01-09 14:43:00', 49),
(397, 'Houston', 'Dallas', '2022-12-03 11:38:00', '2022-12-03 15:59:00', 26),
(398, 'Plano', 'Houston', '2022-12-11 13:08:00', '2022-12-11 16:34:00', 18),
(399, 'Plano', 'Arlington', '2023-02-22 03:24:00', '2023-02-22 06:32:00', 13),
(400, 'Arlington', 'Houston', '2022-12-25 10:42:00', '2022-12-25 15:05:00', 41),
(401, 'Austin', 'Arlington', '2023-04-02 15:16:00', '2023-04-02 18:48:00', 33),
(402, 'Dallas', 'Fort Worth', '2023-02-22 23:31:00', '2023-02-23 02:59:00', 35),
(403, 'Austin', 'Corpus Christi', '2023-04-01 12:37:00', '2023-04-01 14:24:00', 12),
(404, 'Arlington', 'Houston', '2022-12-20 22:37:00', '2022-12-21 00:07:00', 37),
(405, 'Laredo', 'Houston', '2023-01-22 06:00:00', '2023-01-22 07:07:00', 33),
(406, 'Plano', 'Austin', '2023-01-26 12:33:00', '2023-01-26 16:39:00', 45),
(407, 'Dallas', 'El Paso', '2022-12-17 02:57:00', '2022-12-17 07:07:00', 44),
(408, 'Laredo', 'San Antonio', '2023-03-29 09:15:00', '2023-03-29 12:48:00', 44),
(409, 'Corpus Christi', 'Houston', '2023-04-13 16:38:00', '2023-04-13 20:51:00', 39),
(410, 'Plano', 'Laredo', '2022-12-18 11:40:00', '2022-12-18 13:08:00', 44),
(411, 'Corpus Christi', 'Laredo', '2022-12-30 17:52:00', '2022-12-30 19:32:00', 13),
(412, 'Plano', 'Laredo', '2023-01-06 01:00:00', '2023-01-06 03:56:00', 26),
(413, 'Dallas', 'Houston', '2023-03-02 20:36:00', '2023-03-03 01:16:00', 11),
(414, 'San Antonio', 'Plano', '2023-03-26 22:19:00', '2023-03-26 23:51:00', 30),
(415, 'Houston', 'Corpus Christi', '2023-03-12 06:39:00', '2023-03-12 11:20:00', 21),
(416, 'Dallas', 'Fort Worth', '2023-02-08 23:23:00', '2023-02-09 01:13:00', 15),
(417, 'San Antonio', 'Fort Worth', '2023-03-14 08:43:00', '2023-03-14 10:48:00', 24),
(418, 'El Paso', 'Plano', '2023-02-02 08:29:00', '2023-02-02 12:23:00', 40),
(419, 'Austin', 'Arlington', '2022-12-25 13:44:00', '2022-12-25 17:59:00', 45),
(420, 'Laredo', 'Plano', '2023-03-13 01:31:00', '2023-03-13 06:04:00', 49),
(421, 'El Paso', 'Corpus Christi', '2023-03-11 14:37:00', '2023-03-11 15:38:00', 19),
(422, 'Laredo', 'San Antonio', '2023-04-10 17:27:00', '2023-04-10 19:54:00', 17),
(423, 'Fort Worth', 'San Antonio', '2022-12-24 12:03:00', '2022-12-24 16:13:00', 29),
(424, 'Laredo', 'Austin', '2023-03-22 04:13:00', '2023-03-22 08:41:00', 49),
(425, 'El Paso', 'Arlington', '2023-03-29 12:09:00', '2023-03-29 16:59:00', 18),
(426, 'Fort Worth', 'Arlington', '2023-03-25 13:51:00', '2023-03-25 15:37:00', 18),
(427, 'Arlington', 'El Paso', '2023-03-28 15:07:00', '2023-03-28 16:26:00', 32),
(428, 'Dallas', 'Corpus Christi', '2023-03-05 02:26:00', '2023-03-05 06:46:00', 21),
(429, 'Austin', 'Laredo', '2023-03-20 20:03:00', '2023-03-21 00:45:00', 11),
(430, 'El Paso', 'Corpus Christi', '2023-01-21 10:51:00', '2023-01-21 12:20:00', 36),
(431, 'San Antonio', 'Laredo', '2022-12-02 08:27:00', '2022-12-02 12:48:00', 23),
(432, 'Arlington', 'Houston', '2023-01-16 04:24:00', '2023-01-16 08:40:00', 33),
(433, 'Laredo', 'Corpus Christi', '2023-01-07 00:19:00', '2023-01-07 03:36:00', 47),
(434, 'Plano', 'Arlington', '2023-02-04 21:04:00', '2023-02-04 23:39:00', 29),
(435, 'Houston', 'Arlington', '2022-12-15 13:24:00', '2022-12-15 15:32:00', 35),
(436, 'Plano', 'San Antonio', '2023-02-13 02:09:00', '2023-02-13 04:01:00', 13),
(437, 'Plano', 'Corpus Christi', '2023-02-05 19:24:00', '2023-02-05 21:22:00', 12),
(438, 'Laredo', 'Dallas', '2023-03-19 09:03:00', '2023-03-19 12:17:00', 10),
(439, 'Corpus Christi', 'El Paso', '2023-03-06 07:32:00', '2023-03-06 08:50:00', 38),
(440, 'Plano', 'El Paso', '2022-12-26 04:36:00', '2022-12-26 08:20:00', 18),
(441, 'El Paso', 'Houston', '2023-02-26 00:08:00', '2023-02-26 01:57:00', 49),
(442, 'Houston', 'Dallas', '2022-12-25 14:55:00', '2022-12-25 19:49:00', 14),
(443, 'Laredo', 'Arlington', '2022-12-09 20:26:00', '2022-12-09 22:26:00', 30),
(444, 'San Antonio', 'Austin', '2023-02-08 08:55:00', '2023-02-08 11:12:00', 31),
(445, 'Houston', 'San Antonio', '2022-12-22 21:25:00', '2022-12-23 01:53:00', 27),
(446, 'Corpus Christi', 'Austin', '2023-02-23 09:19:00', '2023-02-23 11:45:00', 47),
(447, 'Laredo', 'Arlington', '2023-02-27 13:52:00', '2023-02-27 15:40:00', 17),
(448, 'Houston', 'El Paso', '2023-02-13 11:33:00', '2023-02-13 16:15:00', 15),
(449, 'Houston', 'Plano', '2023-01-08 21:18:00', '2023-01-08 22:23:00', 39),
(450, 'Plano', 'Corpus Christi', '2023-02-22 07:11:00', '2023-02-22 09:32:00', 34),
(451, 'Dallas', 'Austin', '2022-12-06 03:14:00', '2022-12-06 06:43:00', 15),
(452, 'Arlington', 'El Paso', '2022-12-14 21:35:00', '2022-12-14 22:59:00', 40),
(453, 'Fort Worth', 'San Antonio', '2023-01-15 22:06:00', '2023-01-16 01:36:00', 17),
(454, 'Laredo', 'Houston', '2023-01-11 14:16:00', '2023-01-11 18:37:00', 29),
(455, 'El Paso', 'Houston', '2023-04-10 18:30:00', '2023-04-10 20:42:00', 27),
(456, 'San Antonio', 'Austin', '2023-03-07 05:18:00', '2023-03-07 10:17:00', 28),
(457, 'Dallas', 'Plano', '2023-01-20 07:30:00', '2023-01-20 08:47:00', 24),
(458, 'Corpus Christi', 'Fort Worth', '2022-12-19 20:36:00', '2022-12-19 23:06:00', 23),
(459, 'Dallas', 'San Antonio', '2023-01-02 02:20:00', '2023-01-02 05:58:00', 33),
(460, 'Dallas', 'Arlington', '2023-01-07 08:19:00', '2023-01-07 09:58:00', 29),
(461, 'El Paso', 'Fort Worth', '2023-02-10 00:26:00', '2023-02-10 04:49:00', 18),
(462, 'El Paso', 'Houston', '2023-02-23 03:44:00', '2023-02-23 07:42:00', 45),
(463, 'Laredo', 'Arlington', '2023-01-27 10:10:00', '2023-01-27 11:50:00', 10),
(464, 'Corpus Christi', 'Plano', '2023-03-12 21:12:00', '2023-03-13 00:38:00', 20),
(465, 'Houston', 'Arlington', '2022-12-17 21:08:00', '2022-12-18 00:16:00', 32),
(466, 'Fort Worth', 'Corpus Christi', '2023-01-07 12:18:00', '2023-01-07 16:43:00', 14),
(467, 'Arlington', 'San Antonio', '2023-03-21 13:07:00', '2023-03-21 16:46:00', 27),
(468, 'Plano', 'Laredo', '2022-12-18 20:37:00', '2022-12-19 00:40:00', 42),
(469, 'Corpus Christi', 'San Antonio', '2023-02-27 03:21:00', '2023-02-27 07:36:00', 37),
(470, 'Fort Worth', 'El Paso', '2023-01-05 07:55:00', '2023-01-05 12:01:00', 33),
(471, 'San Antonio', 'Plano', '2023-03-28 14:35:00', '2023-03-28 17:21:00', 38),
(472, 'Houston', 'Dallas', '2023-03-27 16:14:00', '2023-03-27 20:44:00', 32),
(473, 'Dallas', 'Arlington', '2023-02-15 23:45:00', '2023-02-16 00:58:00', 40),
(474, 'San Antonio', 'Dallas', '2022-12-13 06:50:00', '2022-12-13 10:27:00', 33),
(475, 'Arlington', 'Corpus Christi', '2023-01-30 17:22:00', '2023-01-30 18:45:00', 12),
(476, 'Houston', 'Laredo', '2023-03-21 20:01:00', '2023-03-21 23:06:00', 11),
(477, 'Plano', 'Laredo', '2023-01-11 21:01:00', '2023-01-11 23:18:00', 36),
(478, 'Austin', 'Laredo', '2023-03-19 03:44:00', '2023-03-19 04:53:00', 46),
(479, 'Dallas', 'Fort Worth', '2023-03-05 05:22:00', '2023-03-05 07:18:00', 47),
(480, 'Arlington', 'El Paso', '2023-02-24 22:10:00', '2023-02-24 23:21:00', 30),
(481, 'Corpus Christi', 'Houston', '2023-01-04 03:32:00', '2023-01-04 06:39:00', 48),
(482, 'San Antonio', 'Corpus Christi', '2022-12-31 08:13:00', '2022-12-31 11:16:00', 47),
(483, 'Laredo', 'Dallas', '2022-12-03 15:57:00', '2022-12-03 20:49:00', 29),
(484, 'Laredo', 'Austin', '2023-04-02 21:53:00', '2023-04-03 00:06:00', 19),
(485, 'Fort Worth', 'Arlington', '2023-04-17 07:24:00', '2023-04-17 10:51:00', 46),
(486, 'El Paso', 'Houston', '2023-01-27 15:14:00', '2023-01-27 16:51:00', 11),
(487, 'Laredo', 'Plano', '2023-01-05 13:04:00', '2023-01-05 17:50:00', 39),
(488, 'Plano', 'San Antonio', '2022-12-24 06:56:00', '2022-12-24 08:53:00', 25),
(489, 'Austin', 'Corpus Christi', '2023-03-19 23:35:00', '2023-03-20 02:03:00', 32),
(490, 'Fort Worth', 'El Paso', '2023-02-17 00:19:00', '2023-02-17 01:47:00', 12),
(491, 'El Paso', 'Corpus Christi', '2022-12-15 06:15:00', '2022-12-15 09:12:00', 17),
(492, 'Arlington', 'Corpus Christi', '2023-03-10 23:54:00', '2023-03-11 01:13:00', 24),
(493, 'Arlington', 'Austin', '2023-02-26 20:51:00', '2023-02-27 01:36:00', 15),
(494, 'Plano', 'Arlington', '2023-03-05 20:09:00', '2023-03-05 22:59:00', 31),
(495, 'Arlington', 'Plano', '2023-04-14 19:34:00', '2023-04-14 22:27:00', 27),
(496, 'Dallas', 'Plano', '2023-02-26 12:27:00', '2023-02-26 17:23:00', 32),
(497, 'Laredo', 'Plano', '2023-02-09 23:38:00', '2023-02-10 02:40:00', 10),
(498, 'El Paso', 'Corpus Christi', '2023-01-06 15:05:00', '2023-01-06 18:26:00', 47),
(499, 'Plano', 'El Paso', '2022-12-09 04:18:00', '2022-12-09 06:59:00', 38),
(500, 'Austin', 'El Paso', '2023-03-27 09:10:00', '2023-03-27 11:31:00', 29),
(501, 'Laredo', 'Houston', '2023-02-28 17:16:00', '2023-02-28 19:57:00', 10),
(502, 'San Antonio', 'Arlington', '2023-03-07 20:43:00', '2023-03-07 22:05:00', 35),
(503, 'Houston', 'Fort Worth', '2023-04-03 10:14:00', '2023-04-03 12:02:00', 17),
(504, 'Austin', 'Houston', '2023-01-14 23:04:00', '2023-01-15 02:57:00', 27),
(505, 'San Antonio', 'El Paso', '2022-12-08 13:02:00', '2022-12-08 14:04:00', 40),
(506, 'Arlington', 'Plano', '2023-01-26 12:38:00', '2023-01-26 17:10:00', 28),
(507, 'Laredo', 'Houston', '2022-12-28 12:20:00', '2022-12-28 14:54:00', 37),
(508, 'Plano', 'Austin', '2023-04-16 11:38:00', '2023-04-16 13:50:00', 47),
(509, 'Corpus Christi', 'Plano', '2022-12-03 04:14:00', '2022-12-03 06:33:00', 32),
(510, 'Corpus Christi', 'Laredo', '2023-03-18 20:01:00', '2023-03-18 23:58:00', 45),
(511, 'Dallas', 'San Antonio', '2022-12-06 08:16:00', '2022-12-06 12:07:00', 45),
(512, 'Dallas', 'Plano', '2023-01-12 22:27:00', '2023-01-13 00:50:00', 10),
(514, 'Houston', 'Dallas', '2022-11-07 14:52:00', '2022-11-08 14:52:00', 0);

-- --------------------------------------------------------

--
-- Table structure for table `tbl_user`
--

CREATE TABLE `tbl_user` (
  `userid` int(11) NOT NULL,
  `name` varchar(60) NOT NULL,
  `email` varchar(60) NOT NULL,
  `password` varchar(30) NOT NULL,
  `admin` tinyint(1) NOT NULL DEFAULT 0
) ENGINE=InnoDB DEFAULT CHARSET=utf8 COLLATE=utf8_general_ci;

--
-- Dumping data for table `tbl_user`
--

INSERT INTO `tbl_user` (`userid`, `name`, `email`, `password`, `admin`) VALUES
(1, '1', '1', '1', 0),
(2, '13131', '13131', '111', 0),
(4, '1', '1@1', '1', 0),
(5, '123', '1@123', '11', 0),
(7, 'asdf', '2@2', '123', 0),
(9, 'ab', 'a@1', 'ok', 0),
(10, '123', '1231@1', '14141', 0),
(24, 'Jianchen Li', 'jxl180087@utdallas.edu', '123', 1),
(30, '123', '1@2.com', '123', 0),
(32, 'Jianchen Li', 'lijianchen09@gmail.com', '123', 0),
(35, 'Jason Li', 'guest@utdallas.edu', '123', 0),
(38, 'Jason Li', 'test@utdallas.edu', '123', 0);

--
-- Indexes for dumped tables
--

--
-- Indexes for table `tbl_order`
--
ALTER TABLE `tbl_order`
  ADD PRIMARY KEY (`id`);

--
-- Indexes for table `tbl_route`
--
ALTER TABLE `tbl_route`
  ADD PRIMARY KEY (`id`);

--
-- Indexes for table `tbl_user`
--
ALTER TABLE `tbl_user`
  ADD PRIMARY KEY (`userid`),
  ADD UNIQUE KEY `email` (`email`);

--
-- AUTO_INCREMENT for dumped tables
--

--
-- AUTO_INCREMENT for table `tbl_order`
--
ALTER TABLE `tbl_order`
  MODIFY `id` int(11) NOT NULL AUTO_INCREMENT, AUTO_INCREMENT=65;

--
-- AUTO_INCREMENT for table `tbl_route`
--
ALTER TABLE `tbl_route`
  MODIFY `id` int(11) NOT NULL AUTO_INCREMENT, AUTO_INCREMENT=515;

--
-- AUTO_INCREMENT for table `tbl_user`
--
ALTER TABLE `tbl_user`
  MODIFY `userid` int(11) NOT NULL AUTO_INCREMENT, AUTO_INCREMENT=39;
COMMIT;

/*!40101 SET CHARACTER_SET_CLIENT=@OLD_CHARACTER_SET_CLIENT */;
/*!40101 SET CHARACTER_SET_RESULTS=@OLD_CHARACTER_SET_RESULTS */;
/*!40101 SET COLLATION_CONNECTION=@OLD_COLLATION_CONNECTION */;
